tconst	titleType	primaryTitle	originalTitle	isAdult	startYear	endYear	runtimeMinutes	genres	poster_path	
tt0111161	movie	The Shawshank Redemption	The Shawshank Redemption	0	1994	\N	142	Drama	http://image.tmdb.org/t/p/original/hBcY0fE9pfXzvVaY4GKarweriG2.jpg	
tt0068646	movie	The Godfather	The Godfather	0	1972	\N	175	Crime,Drama	http://image.tmdb.org/t/p/original/3bhkrj58Vtu7enYsRolD1fZdja1.jpg	
tt0468569	movie	The Dark Knight	The Dark Knight	0	2008	\N	152	Action,Crime,Drama	http://image.tmdb.org/t/p/original/qJ2tW6WMUDux911r6m7haRef0WH.jpg	
tt0167260	movie	The Lord of the Rings: The Return of the King	The Lord of the Rings: The Return of the King	0	2003	\N	201	Action,Adventure,Drama	http://image.tmdb.org/t/p/original/rCzpDGLbOoPwLjy3OAm5NUPOTrC.jpg	
tt0108052	movie	Schindler's List	Schindler's List	0	1993	\N	195	Biography,Drama,History	http://image.tmdb.org/t/p/original/sF1U4EUQS8YHUYjNl3pMGNIQyr0.jpg	
tt0071562	movie	The Godfather Part II	The Godfather Part II	0	1974	\N	202	Crime,Drama	http://image.tmdb.org/t/p/original/hek3koDUyRQk7FIhPXsa6mT2Zc3.jpg	
tt0050083	movie	12 Angry Men	12 Angry Men	0	1957	\N	96	Crime,Drama	http://image.tmdb.org/t/p/original/ppd84D2i9W8jXmsyInGyihiSyqz.jpg	
tt0110912	movie	Pulp Fiction	Pulp Fiction	0	1994	\N	154	Crime,Drama	http://image.tmdb.org/t/p/original/fIE3lAGcZDV1G6XM5KmuWnNsPp1.jpg	
tt1375666	movie	Inception	Inception	0	2010	\N	148	Action,Adventure,Sci-Fi	http://image.tmdb.org/t/p/original/8IB2e4r4oVhHnANbnm7O3Tj6tF8.jpg	
tt0167261	movie	The Lord of the Rings: The Two Towers	The Lord of the Rings: The Two Towers	0	2002	\N	179	Action,Adventure,Drama	http://image.tmdb.org/t/p/original/5VTN0pR8gcqV3EPUHHfMGnJYN9L.jpg	
tt0137523	movie	Fight Club	Fight Club	0	1999	\N	139	Drama	http://image.tmdb.org/t/p/original/pB8BM7pdSp6B6Ih7QZ4DrQ3PmJK.jpg	
tt0120737	movie	The Lord of the Rings: The Fellowship of the Ring	The Lord of the Rings: The Fellowship of the Ring	0	2001	\N	178	Action,Adventure,Drama	http://image.tmdb.org/t/p/original/6oom5QYQ2yQTMJIbnvbkBL9cHo6.jpg	
tt0109830	movie	Forrest Gump	Forrest Gump	0	1994	\N	142	Drama,Romance	http://image.tmdb.org/t/p/original/saHP97rTPS5eLmrLQEcANmKrsFl.jpg	
tt0060196	movie	The Good, the Bad and the Ugly	Il buono, il brutto, il cattivo	0	1966	\N	161	Adventure,Western	http://image.tmdb.org/t/p/original/bX2xnavhMYjWDoZp1VM6VnU1xwe.jpg	
tt0133093	movie	The Matrix	The Matrix	0	1999	\N	136	Action,Sci-Fi	http://image.tmdb.org/t/p/original/8c4a8kE7PizaGQQnditMmI1xbRp.jpg	
tt0099685	movie	Goodfellas	Goodfellas	0	1990	\N	145	Biography,Crime,Drama	http://image.tmdb.org/t/p/original/aKuFiU82s5ISJpGZp7YkIr3kCUd.jpg	
tt0080684	movie	Star Wars: Episode V - The Empire Strikes Back	The Empire Strikes Back	0	1980	\N	124	Action,Adventure,Fantasy	http://image.tmdb.org/t/p/original/2l05cFWJacyIsTpsqSgH0wQXe4V.jpg	
tt0073486	movie	One Flew Over the Cuckoo's Nest	One Flew Over the Cuckoo's Nest	0	1975	\N	133	Drama	http://image.tmdb.org/t/p/original/3jcbDmRFiQ83drXNOvRDeKHxS0C.jpg	
tt0816692	movie	Interstellar	Interstellar	0	2014	\N	169	Adventure,Drama,Sci-Fi	http://image.tmdb.org/t/p/original/gEU2QniE6E77NI6lCU6MxlNBvIx.jpg	
tt0317248	movie	City of God	Cidade de Deus	0	2002	\N	130	Crime,Drama	http://image.tmdb.org/t/p/original/k7eYdWvhYQyRQoU2TB2A2Xu2TfD.jpg	
tt0245429	movie	Spirited Away	Sen to Chihiro no kamikakushi	0	2001	\N	125	Adventure,Animation,Family	http://image.tmdb.org/t/p/original/39wmItIWsg5sZMyRUHLkWBcuVCM.jpg	
tt0120815	movie	Saving Private Ryan	Saving Private Ryan	0	1998	\N	169	Drama,War	http://image.tmdb.org/t/p/original/1wY4psJ5NVEhCuOYROwLH2XExM2.jpg	
tt0120689	movie	The Green Mile	The Green Mile	0	1999	\N	189	Crime,Drama,Fantasy	http://image.tmdb.org/t/p/original/velWPhVMQeQKcxggNEU8YmIo52R.jpg	
tt0118799	movie	Life Is Beautiful	La vita è bella	0	1997	\N	116	Comedy,Drama,Romance	http://image.tmdb.org/t/p/original/mfnkSeeVOBVheuyn2lo4tfmOPQb.jpg	
tt0114369	movie	Se7en	Se7en	0	1995	\N	127	Crime,Drama,Mystery	http://image.tmdb.org/t/p/original/69Sns8WoET6CfaYlIkHbla4l7nC.jpg	
tt0103064	movie	Terminator 2: Judgment Day	Terminator 2: Judgment Day	0	1991	\N	137	Action,Sci-Fi	http://image.tmdb.org/t/p/original/5M0j0B18abtBI5gi2RhfjjurTqb.jpg	
tt0102926	movie	The Silence of the Lambs	The Silence of the Lambs	0	1991	\N	118	Crime,Drama,Thriller	http://image.tmdb.org/t/p/original/rplLJ2hPcOQmkFhTqUte0MkEaO2.jpg	
tt0076759	movie	Star Wars: Episode IV - A New Hope	Star Wars	0	1977	\N	121	Action,Adventure,Fantasy	http://image.tmdb.org/t/p/original/6FfCtAuVAW8XJjZ7eWeLibRLWTw.jpg	
tt0056058	movie	Harakiri	Seppuku	0	1962	\N	133	Action,Drama,Mystery	http://image.tmdb.org/t/p/original/w7pWcLaYQkbtRUn99K6ome0DblL.jpg	
tt0047478	movie	Seven Samurai	Shichinin no samurai	0	1954	\N	207	Action,Drama	http://image.tmdb.org/t/p/original/iAq0sq42vKTLneVGqHn1D4GzgrM.jpg	
tt0038650	movie	It's a Wonderful Life	It's a Wonderful Life	0	1946	\N	130	Drama,Family,Fantasy	http://image.tmdb.org/t/p/original/bSqt9rhDZx1Q7UZ86dBPKdNomp2.jpg	
tt6751668	movie	Parasite	Gisaengchung	0	2019	\N	132	Drama,Thriller	http://image.tmdb.org/t/p/original/3CBCuqwjMkeaPQG29jmru2exrYT.jpg	
tt2582802	movie	Whiplash	Whiplash	0	2014	\N	106	Drama,Music	http://image.tmdb.org/t/p/original/E1fpfU9cMCgFYL3QPvJr3vt20X.jpg	
tt1675434	movie	The Intouchables	Intouchables	0	2011	\N	112	Biography,Comedy,Drama	http://image.tmdb.org/t/p/original/323BP0itpxTsO0skTwdnVmf7YC9.jpg	
tt0482571	movie	The Prestige	The Prestige	0	2006	\N	130	Drama,Mystery,Sci-Fi	http://image.tmdb.org/t/p/original/bdN3gXuIZYaJP7ftKK2sU0nPtEA.jpg	
tt0407887	movie	The Departed	The Departed	0	2006	\N	151	Crime,Drama,Thriller	http://image.tmdb.org/t/p/original/jyAgiqVSx5fl0NNj7WoGGKweXrL.jpg	
tt0253474	movie	The Pianist	The Pianist	0	2002	\N	150	Biography,Drama,Music	http://image.tmdb.org/t/p/original/2hFvxCCWrTmCYwfy7yum0GKRi3Y.jpg	
tt0172495	movie	Gladiator	Gladiator	0	2000	\N	155	Action,Adventure,Drama	http://image.tmdb.org/t/p/original/ty8TGRuvJLPUmAR1H1nRIsgwvim.jpg	
tt0120586	movie	American History X	American History X	0	1998	\N	119	Crime,Drama	http://image.tmdb.org/t/p/original/c2gsmSQ2Cqv8zosqKOCwRS0GFBS.jpg	
tt0114814	movie	The Usual Suspects	The Usual Suspects	0	1995	\N	106	Crime,Drama,Mystery	http://image.tmdb.org/t/p/original/bUPmtQzrRhzqYySeiMpv7GurAfm.jpg	
tt0110413	movie	Léon: The Professional	Léon	0	1994	\N	110	Action,Crime,Drama	http://image.tmdb.org/t/p/original/yI6X2cCM5YPJtxMhUd3dPGqDAhw.jpg	
tt0110357	movie	The Lion King	The Lion King	0	1994	\N	88	Adventure,Animation,Drama	http://image.tmdb.org/t/p/original/sKCr78MXSLixwmZ8DyJLrpMsd15.jpg	
tt0095765	movie	Cinema Paradiso	Nuovo Cinema Paradiso	0	1988	\N	155	Drama,Romance	http://image.tmdb.org/t/p/original/8SRUfRUi6x4O68n0VCbDNRa6iGL.jpg	
tt0095327	movie	Grave of the Fireflies	Hotaru no haka	0	1988	\N	89	Animation,Drama,War	http://image.tmdb.org/t/p/original/kQ29Tp6L43o1hVbyXxdtxAtLtZ3.jpg	
tt0088763	movie	Back to the Future	Back to the Future	0	1985	\N	116	Adventure,Comedy,Sci-Fi	http://image.tmdb.org/t/p/original/fNOH9f1aA7XRTzl1sAOx9iF553Q.jpg	
tt0078788	movie	Apocalypse Now	Apocalypse Now	0	1979	\N	147	Drama,Mystery,War	http://image.tmdb.org/t/p/original/gQB8Y5RCMkv2zwzFHbUJX3kAhvA.jpg	
tt0078748	movie	Alien	Alien	0	1979	\N	117	Horror,Sci-Fi	http://image.tmdb.org/t/p/original/bI1ZDRkerXrcaFa5kWjEMw80aqE.jpg	
tt0064116	movie	Once Upon a Time in the West	C'era una volta il West	0	1968	\N	165	Western	http://image.tmdb.org/t/p/original/qbYgqOczabWNn2XKwgMtVrntD6P.jpg	
tt0054215	movie	Psycho	Psycho	0	1960	\N	109	Horror,Mystery,Thriller	http://image.tmdb.org/t/p/original/9uGHEgsiUXjCNq8wdq4r49YL8A1.jpg	
tt0047396	movie	Rear Window	Rear Window	0	1954	\N	112	Mystery,Thriller	http://image.tmdb.org/t/p/original/qitnZcLP7C9DLRuPpmvZ7GiEjJN.jpg	
tt0034583	movie	Casablanca	Casablanca	0	1942	\N	102	Drama,Romance,War	http://image.tmdb.org/t/p/original/5K7cOHoay2mZusSLezBOY0Qxh8a.jpg	
tt0027977	movie	Modern Times	Modern Times	0	1936	\N	87	Comedy,Drama,Romance	http://image.tmdb.org/t/p/original/7uoiKOEjxBBW0AgDGQWrlfGQ90w.jpg	
tt0021749	movie	City Lights	City Lights	0	1931	\N	87	Comedy,Drama,Romance	http://image.tmdb.org/t/p/original/bXNvzjULc9jrOVhGfjcc64uKZmZ.jpg	
tt8267604	movie	Capernaum	Capharnaüm	0	2018	\N	126	Drama	http://image.tmdb.org/t/p/original/cqkqrIDzvkFRWVbRRQLqtkXQoPu.jpg	
tt7286456	movie	Joker	Joker	0	2019	\N	122	Crime,Drama,Thriller	http://image.tmdb.org/t/p/original/udDclJoHjfjb8Ekgsd4FDteOkCU.jpg	
tt5311514	movie	Your Name.	Kimi no Na wa.	0	2016	\N	106	Animation,Drama,Fantasy	http://image.tmdb.org/t/p/original/q719jXXEzOoYaps6babgKnONONX.jpg	
tt4633694	movie	Spider-Man: Into the Spider-Verse	Spider-Man: Into the Spider-Verse	0	2018	\N	117	Action,Adventure,Animation	http://image.tmdb.org/t/p/original/iiZZdoQBEYBv6id8su7ImL0oCbD.jpg	
tt4154796	movie	Avengers: Endgame	Avengers: Endgame	0	2019	\N	181	Action,Adventure,Drama	http://image.tmdb.org/t/p/original/or06FN3Dka5tukK1e9sl16pB3iy.jpg	
tt4154756	movie	Avengers: Infinity War	Avengers: Infinity War	0	2018	\N	149	Action,Adventure,Sci-Fi	http://image.tmdb.org/t/p/original/7WsyChQLEftFiDOVTGkv3hFpyyt.jpg	
tt2380307	movie	Coco	Coco	0	2017	\N	105	Adventure,Animation,Comedy	http://image.tmdb.org/t/p/original/gGEsBPAijhVUFoiNpgZXqRVWJt2.jpg	
tt1853728	movie	Django Unchained	Django Unchained	0	2012	\N	165	Drama,Western	http://image.tmdb.org/t/p/original/7oWY8VDWW7thTzWh3OKYRkWUlD5.jpg	
tt1745960	movie	Top Gun: Maverick	Top Gun: Maverick	0	2022	\N	130	Action,Drama	http://image.tmdb.org/t/p/original/62HCnUTziyWcpDaBO2i1DX17ljH.jpg	
tt1345836	movie	The Dark Knight Rises	The Dark Knight Rises	0	2012	\N	164	Action,Drama	http://image.tmdb.org/t/p/original/hrJUZ5Jo2G3Czy391evhlxgbEdJ.jpg	
tt1187043	movie	3 Idiots	3 Idiots	0	2009	\N	170	Comedy,Drama	http://image.tmdb.org/t/p/original/66A9MqXOyVFCssoloscw79z8Tew.jpg	
tt0910970	movie	WALL·E	WALL·E	0	2008	\N	98	Adventure,Animation,Family	http://image.tmdb.org/t/p/original/hbhFnRzzg6ZDmm8YAmxBnQpQIPh.jpg	
tt0405094	movie	The Lives of Others	Das Leben der Anderen	0	2006	\N	137	Drama,Mystery,Thriller	http://image.tmdb.org/t/p/original/bCywq0RkrdI2qzhPNuuJ9PvGuzd.jpg	
tt0364569	movie	Oldboy	Oldeuboi	0	2003	\N	120	Action,Drama,Mystery	http://image.tmdb.org/t/p/original/pWDtjs568ZfOTMbURQBYuT4Qxka.jpg	
tt0209144	movie	Memento	Memento	0	2000	\N	113	Mystery,Thriller	http://image.tmdb.org/t/p/original/yuNs09hvpHVU1cBTCAk9zxsL2oW.jpg	
tt0169547	movie	American Beauty	American Beauty	0	1999	\N	122	Drama	http://image.tmdb.org/t/p/original/s5PXkDqS8W3K4wCPNZBzf10zycw.jpg	
tt0119698	movie	Princess Mononoke	Mononoke-hime	0	1997	\N	134	Action,Adventure,Animation	http://image.tmdb.org/t/p/original/cMYCDADoLKLbB83g4WnJegaZimC.jpg	
tt0112573	movie	Braveheart	Braveheart	0	1995	\N	178	Biography,Drama,History	http://image.tmdb.org/t/p/original/or1gBugydmjToAEq7OZY0owwFk.jpg	
tt0091251	movie	Come and See	Idi i smotri	0	1985	\N	142	Drama,Thriller,War	http://image.tmdb.org/t/p/original/qNbMsKVzigERgJUbwf8pKyZogpb.jpg	
tt0090605	movie	Aliens	Aliens	0	1986	\N	137	Action,Adventure,Sci-Fi	http://image.tmdb.org/t/p/original/r1x5JGpyqZU8PYhbs4UcrO1Xb6x.jpg	
tt0086879	movie	Amadeus	Amadeus	0	1984	\N	160	Biography,Drama,Music	http://image.tmdb.org/t/p/original/1n5VUlCqgmVax1adxGZm8oCFaKc.jpg	
tt0082971	movie	Indiana Jones and the Raiders of the Lost Ark	Raiders of the Lost Ark	0	1981	\N	115	Action,Adventure	http://image.tmdb.org/t/p/original/ceG9VzoRAVGwivFU403Wc3AHRys.jpg	
tt0082096	movie	The Boat	Das Boot	0	1981	\N	149	Drama,War	http://image.tmdb.org/t/p/original/fSI5yoee0mBxwNyCvf8m3B5tFMu.jpg	
tt0081505	movie	The Shining	The Shining	0	1980	\N	146	Drama,Horror	http://image.tmdb.org/t/p/original/xazWoLealQwEgqZ89MLZklLZD3k.jpg	
tt0057565	movie	High and Low	Tengoku to jigoku	0	1963	\N	143	Crime,Drama,Mystery	http://image.tmdb.org/t/p/original/lXPTTh4fQ728mnslH7s2IFrwfIW.jpg	
tt0057012	movie	Dr. Strangelove or: How I Learned to Stop Worrying and Love the Bomb	Dr. Strangelove or: How I Learned to Stop Worrying and Love the Bomb	0	1964	\N	95	Comedy,War	http://image.tmdb.org/t/p/original/7SixLzxcqezkZEYU8pcHZgbkmjp.jpg	
tt0051201	movie	Witness for the Prosecution	Witness for the Prosecution	0	1957	\N	116	Crime,Drama,Mystery	http://image.tmdb.org/t/p/original/mM5Cad2ESBprh6ucPnMzMfI34Cu.jpg	
tt0050825	movie	Paths of Glory	Paths of Glory	0	1957	\N	88	Drama,War	http://image.tmdb.org/t/p/original/l2IY0gOHHmCWM90LjteFssxIV1G.jpg	
tt0043014	movie	Sunset Blvd.	Sunset Blvd.	0	1950	\N	110	Drama,Film-Noir	http://image.tmdb.org/t/p/original/i355u6490I0vsNrvORwfp0qvoqw.jpg	
tt0032553	movie	The Great Dictator	The Great Dictator	0	1940	\N	125	Comedy,Drama,War	http://image.tmdb.org/t/p/original/1QpO9wo7JWecZ4NiBuu625FiY1j.jpg	
tt2106476	movie	The Hunt	Jagten	0	2012	\N	115	Drama	http://image.tmdb.org/t/p/original/jkixsXzRh28q3PCqFoWcf7unghT.jpg	
tt0435761	movie	Toy Story 3	Toy Story 3	0	2010	\N	103	Adventure,Animation,Comedy	http://image.tmdb.org/t/p/original/AbbXspMOwdvwWZgVN0nabZq03Ec.jpg	
tt0361748	movie	Inglourious Basterds	Inglourious Basterds	0	2009	\N	153	Adventure,Drama,War	http://image.tmdb.org/t/p/original/7sfbEnaARXDDhKm0CZ7D7uc2sbo.jpg	
tt0338013	movie	Eternal Sunshine of the Spotless Mind	Eternal Sunshine of the Spotless Mind	0	2004	\N	108	Drama,Romance,Sci-Fi	http://image.tmdb.org/t/p/original/5MwkWH9tYHv3mV9OdYTMR5qreIz.jpg	
tt0180093	movie	Requiem for a Dream	Requiem for a Dream	0	2000	\N	102	Drama	http://image.tmdb.org/t/p/original/nOd6vjEmzCT0k4VYqsA2hwyi87C.jpg	
tt0119217	movie	Good Will Hunting	Good Will Hunting	0	1997	\N	126	Drama,Romance	http://image.tmdb.org/t/p/original/bABCBKYBK7A5G1x0FzoeoNfuj2.jpg	
tt0114709	movie	Toy Story	Toy Story	0	1995	\N	81	Adventure,Animation,Comedy	http://image.tmdb.org/t/p/original/uXDfjJbdP4ijW5hWSBrPrlKpxab.jpg	
tt0105236	movie	Reservoir Dogs	Reservoir Dogs	0	1992	\N	99	Crime,Thriller	http://image.tmdb.org/t/p/original/xi8Iu6qyTfyZVDVy60raIOYJJmk.jpg	
tt0087843	movie	Once Upon a Time in America	Once Upon a Time in America	0	1984	\N	229	Crime,Drama	http://image.tmdb.org/t/p/original/i0enkzsL5dPeneWnjl1fCWm6L7k.jpg	
tt0086190	movie	Star Wars: Episode VI - Return of the Jedi	Star Wars: Episode VI - Return of the Jedi	0	1983	\N	131	Action,Adventure,Fantasy	http://image.tmdb.org/t/p/original/q6ydU8r1iYyy2bV7tPVaq266Y1k.jpg	
tt0062622	movie	2001: A Space Odyssey	2001: A Space Odyssey	0	1968	\N	149	Adventure,Sci-Fi	http://image.tmdb.org/t/p/original/ve72VxNqjGM69Uky4WTo2bK6rfq.jpg	
tt0056172	movie	Lawrence of Arabia	Lawrence of Arabia	0	1962	\N	218	Adventure,Biography,Drama	http://image.tmdb.org/t/p/original/AiAm0EtDvyGqNpVoieRw4u65vD1.jpg	
tt0053125	movie	North by Northwest	North by Northwest	0	1959	\N	136	Action,Adventure,Mystery	http://image.tmdb.org/t/p/original/8gvfRlVpcKaTVqipXpYOGWBN1aO.jpg	
tt0052357	movie	Vertigo	Vertigo	0	1958	\N	128	Mystery,Romance,Thriller	http://image.tmdb.org/t/p/original/15uOEfqBNTVtDUT7hGBVCka0rZz.jpg	
tt0045152	movie	Singin' in the Rain	Singin' in the Rain	0	1952	\N	103	Comedy,Musical,Romance	http://image.tmdb.org/t/p/original/671EPwBsHGHBk0cdOeZqmOK0XB3.jpg	
tt0033467	movie	Citizen Kane	Citizen Kane	0	1941	\N	119	Drama,Mystery	http://image.tmdb.org/t/p/original/sav0jxhqiH0bPr2vZFU0Kjt2nZL.jpg	
tt0022100	movie	M	M - Eine Stadt sucht einen Mörder	0	1931	\N	117	Crime,Mystery,Thriller	http://image.tmdb.org/t/p/original/slsS6jT6SXjcTPOrsFcLIrHboXA.jpg	
tt0012349	movie	The Kid	The Kid	0	1921	\N	68	Comedy,Drama,Family	http://image.tmdb.org/t/p/original/jNfL8De5IDVIuUYsrNnmPxCQkz8.jpg	
tt0015324	movie	Sherlock Jr.	Sherlock Jr.	0	1924	\N	45	Action,Comedy,Romance	http://image.tmdb.org/t/p/original/1G9r3rqtbFAQuyWKOZm4Y5J5s7Q.jpg	
tt0015864	movie	The Gold Rush	The Gold Rush	0	1925	\N	95	Adventure,Comedy,Drama	http://image.tmdb.org/t/p/original/eQRFo1qwRREYwj47Yoe1PisgOle.jpg	
tt0017136	movie	Metropolis	Metropolis	0	1927	\N	153	Drama,Sci-Fi	http://image.tmdb.org/t/p/original/pxbGZewX327IbTvrCVRJgcLJTSQ.jpg	
tt0017925	movie	The General	The General	0	1926	\N	67	Action,Adventure,Comedy	http://image.tmdb.org/t/p/original/iaV7LKAEialeaKDtf22SrYMqeFC.jpg	
tt0031381	movie	Gone with the Wind	Gone with the Wind	0	1939	\N	238	Drama,Romance,War	http://image.tmdb.org/t/p/original/7K5hvvoM2Of1fgEgUSveNE6DNe7.jpg	
tt0031679	movie	Mr. Smith Goes to Washington	Mr. Smith Goes to Washington	0	1939	\N	129	Comedy,Drama	http://image.tmdb.org/t/p/original/nDjg1fbNyq15excNDl3acd2IqAk.jpg	
tt0036775	movie	Double Indemnity	Double Indemnity	0	1944	\N	107	Crime,Drama,Film-Noir	http://image.tmdb.org/t/p/original/kkfKLeOTo7RjS9TxHKpknlL7huS.jpg	
tt0040522	movie	Bicycle Thieves	Ladri di biciclette	0	1948	\N	89	Drama	http://image.tmdb.org/t/p/original/64lZvZAX4QsBvBrr2aYCqjg7pYG.jpg	
tt0040897	movie	The Treasure of the Sierra Madre	The Treasure of the Sierra Madre	0	1948	\N	126	Adventure,Drama,Western	http://image.tmdb.org/t/p/original/pWcst7zVbi8Z8W6GFrdNE7HHRxL.jpg	
tt0041959	movie	The Third Man	The Third Man	0	1949	\N	104	Film-Noir,Mystery,Thriller	http://image.tmdb.org/t/p/original/oIF3l7Dxp7Eyye10BNyM611wtKa.jpg	
tt0042192	movie	All About Eve	All About Eve	0	1950	\N	138	Drama	http://image.tmdb.org/t/p/original/6numIZH6uR3NlJgY9m7nGH0jhs.jpg	
tt0042876	movie	Rashomon	Rashômon	0	1950	\N	88	Crime,Drama,Mystery	http://image.tmdb.org/t/p/original/vL7Xw04nFMHwnvXRFCmYYAzMUvY.jpg	
tt0044741	movie	Ikiru	Ikiru	0	1952	\N	143	Drama	http://image.tmdb.org/t/p/original	
tt0046268	movie	The Wages of Fear	Le salaire de la peur	0	1953	\N	131	Adventure,Drama,Thriller	http://image.tmdb.org/t/p/original/dZyZSosIlWcpQkV0f7pXcrV2TQV.jpg	
tt0046912	movie	Dial M for Murder	Dial M for Murder	0	1954	\N	105	Crime,Thriller	http://image.tmdb.org/t/p/original/2gDCAgl2iBQNuJuk6p2xtuS1ewg.jpg	
tt0047296	movie	On the Waterfront	On the Waterfront	0	1954	\N	108	Crime,Drama,Thriller	http://image.tmdb.org/t/p/original/fKjLZy9W8VxMOp5OoyWojmLVCQw.jpg	
tt0050212	movie	The Bridge on the River Kwai	The Bridge on the River Kwai	0	1957	\N	161	Adventure,Drama,War	http://image.tmdb.org/t/p/original/7paXMt2e3Tr5dLmEZOGgFEn2Vo7.jpg	
tt0050976	movie	The Seventh Seal	Det sjunde inseglet	0	1957	\N	96	Drama,Fantasy	http://image.tmdb.org/t/p/original/wcZ21zrOsy0b52AfAF50XpTiv75.jpg	
tt0050986	movie	Wild Strawberries	Smultronstället	0	1957	\N	91	Drama,Romance	http://image.tmdb.org/t/p/original/iyTD2QnySNMPUPE3IedZQipSWfz.jpg	
tt0052618	movie	Ben-Hur	Ben-Hur	0	1959	\N	212	Adventure,Drama	http://image.tmdb.org/t/p/original/aUrN8UWS8d2PKLsk5teZPxrfbmO.jpg	
tt0053291	movie	Some Like It Hot	Some Like It Hot	0	1959	\N	121	Comedy,Music,Romance	http://image.tmdb.org/t/p/original/hVIKyTK13AvOGv7ICmJjK44DTzp.jpg	
tt0053604	movie	The Apartment	The Apartment	0	1960	\N	125	Comedy,Drama,Romance	http://image.tmdb.org/t/p/original/jCgbZGYQ4PcfUBiI4679Vjz3H81.jpg	
tt0055031	movie	Judgment at Nuremberg	Judgment at Nuremberg	0	1961	\N	179	Drama,War	http://image.tmdb.org/t/p/original/cqumfgd74ftVzOKJpFGOG64WlXL.jpg	
tt0055630	movie	Yojimbo	Yôjinbô	0	1961	\N	110	Action,Drama,Thriller	http://image.tmdb.org/t/p/original/pzIqBmhGpubF1ma7aavAqOORi4b.jpg	
tt0056592	movie	To Kill a Mockingbird	To Kill a Mockingbird	0	1962	\N	129	Crime,Drama	http://image.tmdb.org/t/p/original/o5icF9TCe8Ld5bWy19rPwsNyLLv.jpg	
tt0057115	movie	The Great Escape	The Great Escape	0	1963	\N	172	Adventure,Drama,History	http://image.tmdb.org/t/p/original/gBH4H8UMFxl139HaLz6lRuvsel8.jpg	
tt0059578	movie	For a Few Dollars More	Per qualche dollaro in più	0	1965	\N	132	Western	http://image.tmdb.org/t/p/original/ooqASvA7qxlTVKL3KwOzBwy57Dh.jpg	
tt0066921	movie	A Clockwork Orange	A Clockwork Orange	0	1971	\N	136	Crime,Sci-Fi	http://image.tmdb.org/t/p/original/4sHeTAp65WrSSuc05nRBKddhBxO.jpg	
tt0070735	movie	The Sting	The Sting	0	1973	\N	129	Comedy,Crime,Drama	http://image.tmdb.org/t/p/original/fpxhmgeCuPQOeatfeCPwtOwUwlb.jpg	
tt0071315	movie	Chinatown	Chinatown	0	1974	\N	130	Drama,Mystery,Thriller	http://image.tmdb.org/t/p/original/7ljxmU9L0ugUvyyg0GBkFaarjEq.jpg	
tt0071853	movie	Monty Python and the Holy Grail	Monty Python and the Holy Grail	0	1975	\N	91	Adventure,Comedy,Fantasy	http://image.tmdb.org/t/p/original/8AVb7tyxZRsbKJNOTJHQZl7JYWO.jpg	
tt0072684	movie	Barry Lyndon	Barry Lyndon	0	1975	\N	185	Adventure,Drama,War	http://image.tmdb.org/t/p/original/A0byHUHMwZ7dtBQtfZ44QIgDbjo.jpg	
tt0075314	movie	Taxi Driver	Taxi Driver	0	1976	\N	114	Crime,Drama	http://image.tmdb.org/t/p/original/ekstpH614fwDX8DUln1a2Opz0N8.jpg	
tt0077416	movie	The Deer Hunter	The Deer Hunter	0	1978	\N	183	Drama,War	http://image.tmdb.org/t/p/original/bbGtogDZOg09bm42KIpCXUXICkh.jpg	
tt0080678	movie	The Elephant Man	The Elephant Man	0	1980	\N	124	Biography,Drama	http://image.tmdb.org/t/p/original/rk2lKgEtjF9HO9N2UFMRc2cMGdj.jpg	
tt0081398	movie	Raging Bull	Raging Bull	0	1980	\N	129	Biography,Drama,Sport	http://image.tmdb.org/t/p/original/rEviyDWNbAFmvvCPlkMRPAGUElG.jpg	
tt0083658	movie	Blade Runner	Blade Runner	0	1982	\N	117	Action,Drama,Sci-Fi	http://image.tmdb.org/t/p/original/gajva2L0rPYkEWjzgFlBXCAVBE5.jpg	
tt0084787	movie	The Thing	The Thing	0	1982	\N	109	Horror,Mystery,Sci-Fi	http://image.tmdb.org/t/p/original/tzGY49kseSE9QAKk47uuDGwnSCu.jpg	
tt0086250	movie	Scarface	Scarface	0	1983	\N	170	Crime,Drama	http://image.tmdb.org/t/p/original/iQ5ztdjvteGeboxtmRdXEChJOHh.jpg	
tt0089881	movie	Ran	Ran	0	1985	\N	162	Action,Drama,War	http://image.tmdb.org/t/p/original/p2aOR5JZYJbhweEnvgwXaZaGdKF.jpg	
tt0093058	movie	Full Metal Jacket	Full Metal Jacket	0	1987	\N	116	Drama,War	http://image.tmdb.org/t/p/original/kMKyx1k8hWWscYFnPbnxxN4Eqo4.jpg	
tt0095016	movie	Die Hard	Die Hard	0	1988	\N	132	Action,Thriller	http://image.tmdb.org/t/p/original/yFihWxQcmqcaBR31QM6Y8gT6aYV.jpg	
tt0096283	movie	My Neighbor Totoro	Tonari no Totoro	0	1988	\N	86	Animation,Comedy,Family	http://image.tmdb.org/t/p/original/rtGDOeG9LzoerkDGZF9dnVeLppL.jpg	
tt0097576	movie	Indiana Jones and the Last Crusade	Indiana Jones and the Last Crusade	0	1989	\N	127	Action,Adventure	http://image.tmdb.org/t/p/original/riO8WLCG9BbuhQfBpbnXFKzBcgL.jpg	
tt0105695	movie	Unforgiven	Unforgiven	0	1992	\N	130	Drama,Western	http://image.tmdb.org/t/p/original/yKyLJmRAtyXEEYKOvPhKHXIcPq9.jpg	
tt0107207	movie	In the Name of the Father	In the Name of the Father	0	1993	\N	133	Biography,Crime,Drama	http://image.tmdb.org/t/p/original/3NcIkKxaO2SmRVsG1v50XhtmL0f.jpg	
tt0107290	movie	Jurassic Park	Jurassic Park	0	1993	\N	127	Action,Adventure,Sci-Fi	http://image.tmdb.org/t/p/original/b1xCNnyrPebIc7EWNZIa6jhb1Ww.jpg	
tt0112471	movie	Before Sunrise	Before Sunrise	0	1995	\N	101	Drama,Romance	http://image.tmdb.org/t/p/original/hgkPGgQuPyydjimza3j1dsvaeHb.jpg	
tt0112641	movie	Casino	Casino	0	1995	\N	178	Crime,Drama	http://image.tmdb.org/t/p/original/v2lGZFMS9fiUUyJ2xvM7zZH7Eps.jpg	
tt0113277	movie	Heat	Heat	0	1995	\N	170	Action,Crime,Drama	http://image.tmdb.org/t/p/original/umSVjVdbVwtx5ryCA2QXL44Durm.jpg	
tt0116282	movie	Fargo	Fargo	0	1996	\N	98	Crime,Thriller	http://image.tmdb.org/t/p/original/rt7cpEr1uP6RTZykBFhBTcRaKvG.jpg	
tt0117951	movie	Trainspotting	Trainspotting	0	1996	\N	93	Drama	http://image.tmdb.org/t/p/original/bhY62Dw8iW54DIhxPQerbuB9DOP.jpg	
tt0118849	movie	Children of Heaven	Bacheha-Ye aseman	0	1997	\N	89	Drama,Family,Sport	http://image.tmdb.org/t/p/original/jWqh1CJWAEcxckMRrf6ARhIEh0R.jpg	
tt0119488	movie	L.A. Confidential	L.A. Confidential	0	1997	\N	138	Crime,Drama,Mystery	http://image.tmdb.org/t/p/original/Rzope4Pk93Rg1Q2Ae8H0FYwa7n.jpg	
tt0120382	movie	The Truman Show	The Truman Show	0	1998	\N	103	Comedy,Drama	http://image.tmdb.org/t/p/original/vuza0WqY239yBXOadKlGwJsZJFE.jpg	
tt0120735	movie	Lock, Stock and Two Smoking Barrels	Lock, Stock and Two Smoking Barrels	0	1998	\N	107	Action,Comedy,Crime	http://image.tmdb.org/t/p/original/8kSerJrhrJWKLk1LViesGcnrUPE.jpg	
tt0167404	movie	The Sixth Sense	The Sixth Sense	0	1999	\N	107	Drama,Mystery,Thriller	http://image.tmdb.org/t/p/original/4AfSDjjCy6T5LA1TMz0Lh2HlpRh.jpg	
tt0208092	movie	Snatch	Snatch	0	2000	\N	104	Comedy,Crime	http://image.tmdb.org/t/p/original/56mOJth6DJ6JhgoE2jtpilVqJO.jpg	
tt0211915	movie	Amélie	Le fabuleux destin d'Amélie Poulain	0	2001	\N	122	Comedy,Romance	http://image.tmdb.org/t/p/original/oTKduWL2tpIKEmkAqF4mFEAWAsv.jpg	
tt0264464	movie	Catch Me If You Can	Catch Me If You Can	0	2002	\N	141	Biography,Crime,Drama	http://image.tmdb.org/t/p/original/sdYgEkKCDPWNU6KnoL4qd8xZ4w7.jpg	
tt0266543	movie	Finding Nemo	Finding Nemo	0	2003	\N	100	Adventure,Animation,Comedy	http://image.tmdb.org/t/p/original/eHuGQ10FUzK1mdOY69wF5pGgEf5.jpg	
tt0266697	movie	Kill Bill: Vol. 1	Kill Bill: Vol. 1	0	2003	\N	111	Action,Crime,Drama	http://image.tmdb.org/t/p/original/v7TaX8kXMXs5yFFGR41guUDNcnB.jpg	
tt0268978	movie	A Beautiful Mind	A Beautiful Mind	0	2001	\N	135	Biography,Drama	http://image.tmdb.org/t/p/original/zwzWCmH72OSC9NA0ipoqw5Zjya8.jpg	
tt0347149	movie	Howl's Moving Castle	Hauru no ugoku shiro	0	2004	\N	119	Adventure,Animation,Family	http://image.tmdb.org/t/p/original/13kOl2v0nD2OLbVSHnHk8GUFEhO.jpg	
tt0353969	movie	Memories of Murder	Salinui chueok	0	2003	\N	131	Crime,Drama,Mystery	http://image.tmdb.org/t/p/original/jcgUjx1QcupGzjntTVlnQ15lHqy.jpg	
tt0363163	movie	Downfall	Der Untergang	0	2004	\N	156	Biography,Drama,History	http://image.tmdb.org/t/p/original/cP1ElGjBhbZAAqmueXjHDKlSwiP.jpg	
tt0372784	movie	Batman Begins	Batman Begins	0	2005	\N	140	Action,Crime,Drama	http://image.tmdb.org/t/p/original/8RW2runSEc34IwKN2D1aPcJd2UL.jpg	
tt0405159	movie	Million Dollar Baby	Million Dollar Baby	0	2004	\N	132	Drama,Sport	http://image.tmdb.org/t/p/original/mVqE0CaURUkiIXzHPOLVbTjAXFy.jpg	
tt0434409	movie	V for Vendetta	V for Vendetta	0	2005	\N	132	Action,Drama,Sci-Fi	http://image.tmdb.org/t/p/original/1avD1JeaRiJX5M4ahPdZPypGoGN.jpg	
tt0457430	movie	Pan's Labyrinth	El laberinto del fauno	0	2006	\N	118	Drama,Fantasy,War	http://image.tmdb.org/t/p/original/s8C4whhKtDaJvMDcyiMvx3BIF5F.jpg	
tt0469494	movie	There Will Be Blood	There Will Be Blood	0	2007	\N	158	Drama	http://image.tmdb.org/t/p/original/fa0RDkAlCec0STeMNAhPaF89q6U.jpg	
tt0477348	movie	No Country for Old Men	No Country for Old Men	0	2007	\N	122	Crime,Drama,Thriller	http://image.tmdb.org/t/p/original/bj1v6YKF8yHqA489VFfnQvOJpnc.jpg	
tt0986264	movie	Like Stars on Earth	Taare Zameen Par	0	2007	\N	165	Drama,Family	http://image.tmdb.org/t/p/original/fwXhw9bERqKrJfJK6WGakPIh3FS.jpg	
tt0993846	movie	The Wolf of Wall Street	The Wolf of Wall Street	0	2013	\N	180	Biography,Comedy,Crime	http://image.tmdb.org/t/p/original/34m2tygAYBGqA9MXKhRDtzYd4MR.jpg	
tt10272386	movie	The Father	The Father	0	2020	\N	97	Drama,Mystery	http://image.tmdb.org/t/p/original/pr3bEQ517uMb5loLvjFQi8uLAsp.jpg	
tt1049413	movie	Up	Up	0	2009	\N	96	Adventure,Animation,Comedy	http://image.tmdb.org/t/p/original/pUPwTbnAqfm95BZjNBnMMf39ChT.jpg	
tt10872600	movie	Spider-Man: No Way Home	Spider-Man: No Way Home	0	2021	\N	148	Action,Adventure,Fantasy	http://image.tmdb.org/t/p/original/uJYYizSuA9Y3DCs0qS4qWvHfZg4.jpg	
tt1130884	movie	Shutter Island	Shutter Island	0	2010	\N	138	Mystery,Thriller	http://image.tmdb.org/t/p/original/kve20tXwUZpu4GUX8l6X7Z4jmL6.jpg	
tt1201607	movie	Harry Potter and the Deathly Hallows: Part 2	Harry Potter and the Deathly Hallows: Part 2	0	2011	\N	130	Adventure,Family,Fantasy	http://image.tmdb.org/t/p/original/c54HpQmuwXjHq2C9wmoACjxoom3.jpg	
tt1205489	movie	Gran Torino	Gran Torino	0	2008	\N	116	Drama	http://image.tmdb.org/t/p/original/zUybYvxWdAJy5hhYovsXtHSWI1l.jpg	
tt1255953	movie	Incendies	Incendies	0	2010	\N	131	Drama,Mystery	http://image.tmdb.org/t/p/original/zQdcNGCi4aVIv02wMHaTWlF7M2w.jpg	
tt1291584	movie	Warrior	Warrior	0	2011	\N	140	Action,Drama,Sport	http://image.tmdb.org/t/p/original/iM8n4nZJPR2abpnyZ36FUgHiRjr.jpg	
tt1305806	movie	The Secret in Their Eyes	El secreto de sus ojos	0	2009	\N	129	Drama,Mystery,Romance	http://image.tmdb.org/t/p/original/r3FctmAMk2tbrwxuWdpeLrZLwIz.jpg	
tt1392190	movie	Mad Max: Fury Road	Mad Max: Fury Road	0	2015	\N	120	Action,Adventure,Sci-Fi	http://image.tmdb.org/t/p/original/8tZYtuWezp8JbcsvHYO0O46tFbo.jpg	
tt1392214	movie	Prisoners	Prisoners	0	2013	\N	153	Crime,Drama,Mystery	http://image.tmdb.org/t/p/original/tJE5Xs8Z1ZQPNBv71AWZ95L1o6C.jpg	
tt1832382	movie	A Separation	Jodaeiye Nader az Simin	0	2011	\N	123	Drama	http://image.tmdb.org/t/p/original/so1MVunHFmrcgemv555AiRUzl5n.jpg	
tt2024544	movie	12 Years a Slave	12 Years a Slave	0	2013	\N	134	Biography,Drama,History	http://image.tmdb.org/t/p/original/xdANQijuNrJaw1HA61rDccME4Tm.jpg	
tt2096673	movie	Inside Out	Inside Out	0	2015	\N	95	Adventure,Animation,Comedy	http://image.tmdb.org/t/p/original/2H1TmgdfNtsKlU9jKdeNyYL5y8T.jpg	
tt2119532	movie	Hacksaw Ridge	Hacksaw Ridge	0	2016	\N	139	Biography,Drama,History	http://image.tmdb.org/t/p/original/jhWbYeUNOA5zAb6ufK6pXQFXqTX.jpg	
tt2267998	movie	Gone Girl	Gone Girl	0	2014	\N	149	Drama,Mystery,Thriller	http://image.tmdb.org/t/p/original/qymaJhucquUwjpb8oiqynMeXnID.jpg	
tt2278388	movie	The Grand Budapest Hotel	The Grand Budapest Hotel	0	2014	\N	99	Adventure,Comedy,Crime	http://image.tmdb.org/t/p/original/eWdyYQreja6JGCzqHWXpWHDrrPo.jpg	
tt3011894	movie	Wild Tales	Relatos salvajes	0	2014	\N	122	Comedy,Drama,Thriller	http://image.tmdb.org/t/p/original/pvSty5MCAxdj8LlAEXCDfM1YNOl.jpg	
tt3170832	movie	Room	Room	0	2015	\N	118	Drama,Thriller	http://image.tmdb.org/t/p/original/b9ykj4v8ykjRoGB7SpI1OuxblNU.jpg	
tt4729430	movie	Klaus	Klaus	0	2019	\N	96	Adventure,Animation,Comedy	http://image.tmdb.org/t/p/original/q125RHUDgR4gjwh1QkfYuJLYkL.jpg	
tt5027774	movie	Three Billboards Outside Ebbing, Missouri	Three Billboards Outside Ebbing, Missouri	0	2017	\N	115	Comedy,Crime,Drama	http://image.tmdb.org/t/p/original/vgvw6w1CtcFkuXXn004S5wQsHRl.jpg	
tt5074352	movie	Dangal	Dangal	0	2016	\N	161	Action,Biography,Drama	http://image.tmdb.org/t/p/original/1NVvjdzDfyzqMIIzJVbAphVxUoY.jpg	
tt6966692	movie	Green Book	Green Book	0	2018	\N	130	Biography,Comedy,Drama	http://image.tmdb.org/t/p/original/7BsvSuDQuoqhWmU2fL7W2GOcZHU.jpg	
tt8503618	movie	Hamilton	Hamilton	0	2020	\N	160	Biography,Drama,History	http://image.tmdb.org/t/p/original/h1B7tW0t399VDjAcWJh8m87469b.jpg	
tt8579674	movie	1917	1917	0	2019	\N	119	Action,Drama,War	http://image.tmdb.org/t/p/original/iZf0KyrE25z1sage4SYFLCCrMi9.jpg	
